[
  {
    "id": "ffedb4ba-9a3f-4b6b-a09b-2d806f242133",
    "data": [
      {
        "text": " can\u0027t ",
        "userDefined": false
      },
      {
        "text": "find it",
        "alias": "FoundOrNot",
        "meta": "@FoundOrNot",
        "userDefined": false
      }
    ],
    "isTemplate": false,
    "count": 0,
    "updated": 0
  },
  {
    "id": "0c661b50-3a9f-4e11-8130-22e508aee49b",
    "data": [
      {
        "text": "found it",
        "alias": "FoundOrNot",
        "meta": "@FoundOrNot",
        "userDefined": false
      }
    ],
    "isTemplate": false,
    "count": 0,
    "updated": 0
  }
]