[
  {
    "id": "4f994b29-d5b5-470f-94ab-68dd4ac05e6a",
    "data": [
      {
        "text": "not ready",
        "alias": "ReadyOrNot",
        "meta": "@ReadyOrNot",
        "userDefined": false
      }
    ],
    "isTemplate": false,
    "count": 0,
    "updated": 0
  },
  {
    "id": "d1c7e5e4-b40d-46a2-b50a-b269904da773",
    "data": [
      {
        "text": "ready",
        "alias": "ReadyOrNot",
        "meta": "@ReadyOrNot",
        "userDefined": false
      }
    ],
    "isTemplate": false,
    "count": 0,
    "updated": 0
  }
]