[
  {
    "id": "bb1af800-9698-4199-a599-b9a3226939fe",
    "data": [
      {
        "text": "no",
        "alias": "yesNo",
        "meta": "@yesNo",
        "userDefined": false
      }
    ],
    "isTemplate": false,
    "count": 0,
    "updated": 0
  },
  {
    "id": "de65e87d-f4a8-4473-8cf7-50c92c692f83",
    "data": [
      {
        "text": "yes",
        "alias": "yesNo",
        "meta": "@yesNo",
        "userDefined": false
      }
    ],
    "isTemplate": false,
    "count": 0,
    "updated": 0
  }
]